﻿<?xml version="1.0" encoding="utf-8" standalone="yes"?>
<Package IgnorableNamespaces="uap rescap build" xmlns="http://schemas.microsoft.com/appx/manifest/foundation/windows10" xmlns:uap="http://schemas.microsoft.com/appx/manifest/uap/windows10" xmlns:rescap="http://schemas.microsoft.com/appx/manifest/foundation/windows10/restrictedcapabilities" xmlns:build="http://schemas.microsoft.com/developer/appx/2015/build" xmlns:mp="http://schemas.microsoft.com/appx/2014/phone/manifest">
  <Identity Name="47236EllyFieldStudios.LightTone-NightLightFilter" Publisher="CN=E8AD9CEE-6C5C-470B-B3B9-401C10538889" Version="1.3.4.0" ProcessorArchitecture="neutral" />
  <Properties>
    <DisplayName>LightTone - Night Light Filter</DisplayName>
    <PublisherDisplayName>EvlarSoft LLC</PublisherDisplayName>
    <Logo>Images\StoreLogo.png</Logo>
  </Properties>
  <Dependencies>
    <TargetDeviceFamily Name="Windows.Universal" MinVersion="10.0.14393.0" MaxVersionTested="10.0.14393.0" />
    <TargetDeviceFamily Name="Windows.Desktop" MinVersion="10.0.14393.0" MaxVersionTested="10.0.14393.0" />
  </Dependencies>
  <Resources>
    <Resource Language="EN" />
    <Resource uap:Scale="200" />
  </Resources>
  <Applications>
    <Application Id="App" Executable="LightTone\LightTone.exe" EntryPoint="Windows.FullTrustApplication">
      <uap:VisualElements DisplayName="Night Light Filter" Description="Improve your nighttime viewing experience with the Night Light Filter. Whether you're working late, reading, or preparing for sleep, this application offers a customizable and soothing solution for reducing eye strain and creating a more comfortable visual environment during low-light conditions." BackgroundColor="transparent" Square150x150Logo="Images\Square150x150Logo.png" Square44x44Logo="Images\Square44x44Logo.png">
        <uap:DefaultTile Wide310x150Logo="Images\Wide310x150Logo.png" Square71x71Logo="Images\SmallTile.png" Square310x310Logo="Images\LargeTile.png" />
        <uap:SplashScreen Image="Images\SplashScreen.png" />
      </uap:VisualElements>
    </Application>
  </Applications>
  <Capabilities>
    <Capability Name="internetClient" />
    <rescap:Capability Name="runFullTrust" />
  </Capabilities>
  <build:Metadata>
    <build:Item Name="Microsoft.Build.DesktopBridge.Tasks.dll" Version="17.12.40308.65294" />
    <build:Item Name="TargetFrameworkMoniker" Value=".NETFramework,Version=v4.5.1" />
    <build:Item Name="VisualStudio" Version="17.0" />
    <build:Item Name="VisualStudioEdition" Value="Microsoft Visual Studio Community 2022" />
    <build:Item Name="OperatingSystem" Version="10.0.22621.1 (WinBuild.160101.0800)" />
    <build:Item Name="Microsoft.Build.AppxPackage.dll" Version="17.12.40391.52126" />
    <build:Item Name="ProjectGUID" Value="332cbf48-7509-4b9f-8623-23e019006282" />
    <build:Item Name="makepri.exe" Version="10.0.22621.3233 (WinBuild.160101.0800)" />
  </build:Metadata>
  <mp:PhoneIdentity PhoneProductId="a3ecd2f1-1820-493e-b692-d99522544d4c" PhonePublisherId="6f3778cb-4440-4af6-ba87-2fcd6f73ba57" />
</Package>