<?xml version="1.0" encoding="UTF-8" standalone="no"?>
<BlockMap xmlns="http://schemas.microsoft.com/appx/2010/blockmap" xmlns:b4="http://schemas.microsoft.com/appx/2021/blockmap" IgnorableNamespaces="b4" HashMethod="http://www.w3.org/2001/04/xmlenc#sha256"><File Name="Images\LargeTile.scale-200.png" Size="21599" LfhSize="60"><Block Hash="R3lbqRaeeBKLF4fjLipdzes0pZkTGlOTnK3pHqJ2+Xg="/></File><File Name="Images\LockScreenLogo.scale-200.png" Size="1430" LfhSize="65"><Block Hash="pBoFOz/DsMEJcgzNQ3oZclrpFj6nWZAiKhK1lrnHynY="/></File><File Name="Images\SmallTile.scale-200.png" Size="5897" LfhSize="60"><Block Hash="3UTXdkBLdSYhohZbmdqFM+JNGZoK6RLg0euWg9lct/c="/></File><File Name="Images\SplashScreen.scale-200.png" Size="23572" LfhSize="63"><Block Hash="iCWWwVOjn6G1nT40mKu2B/ULF8GywxfzZ2ubxvriGMg="/></File><File Name="Images\Square150x150Logo.scale-200.png" Size="9657" LfhSize="68"><Block Hash="ppX5wZz+NyqcLI9bkXnTK7Iy6pcDmeMaEIjOIUy211c="/></File><File Name="Images\Square44x44Logo.altform-unplated_targetsize-16.png" Size="899" LfhSize="87"><Block Hash="p93JZDt7vY0/X9kblRWc16I9yoFu+Q5jNh7UKJYR6KM="/></File><File Name="Images\Square44x44Logo.altform-unplated_targetsize-256.png" Size="23176" LfhSize="88"><Block Hash="e9YrK2obVwYN3xYqhMPO5jpGd00BP7ghOODbZBaPRiY="/></File><File Name="Images\Square44x44Logo.altform-unplated_targetsize-32.png" Size="2135" LfhSize="87"><Block Hash="E0wBQDWYoaEz06gKsBg09KScnHxJyXxnUeo1mjbxsKE="/></File><File Name="Images\Square44x44Logo.altform-unplated_targetsize-48.png" Size="3467" LfhSize="87"><Block Hash="Dw4QGK/245myMxF1J0igL+INBLQy5I7xA4Y7OlKMqBY="/></File><File Name="Images\Square44x44Logo.scale-200.png" Size="5109" LfhSize="66"><Block Hash="M+PZr7ALuJkIZv0gGqPgfT7Qn1damimTCaDiaFFiMdE="/></File><File Name="Images\Square44x44Logo.targetsize-16.png" Size="650" LfhSize="70"><Block Hash="rHTGEClAeyXOLKL4UV2wDszW0PMCXBsSo6SekMXV7YU="/></File><File Name="Images\Square44x44Logo.targetsize-24.png" Size="1106" LfhSize="70"><Block Hash="xI7sdne1KwbMnoHYWlv43wtSF8kFodHZz8FprDH5fjM="/></File><File Name="Images\Square44x44Logo.targetsize-24_altform-unplated.png" Size="1504" LfhSize="87"><Block Hash="l8P1ER2Osoc2wUUszyLVAF2KuxY/74B2K4HD/Svzags="/></File><File Name="Images\Square44x44Logo.targetsize-256.png" Size="17009" LfhSize="71"><Block Hash="cGMCK39Lb5gSSrIegQSfIpUIZW6QmEdhKsCMWGxmGN0="/></File><File Name="Images\Square44x44Logo.targetsize-32.png" Size="1568" LfhSize="70"><Block Hash="8H+sL4lr/qCx68hF6X5tjfe4IynFqcvZe32Ok7BeXDs="/></File><File Name="Images\Square44x44Logo.targetsize-48.png" Size="2590" LfhSize="70"><Block Hash="nBHKpHHdje6TOBxPgr2Tp5oPHkVAoZdZaJCemEU5rI0="/></File><File Name="Images\StoreLogo.scale-200.png" Size="8028" LfhSize="60"><Block Hash="SaGrYMT6FaU7i0vn2w+1tVm9K/HX1+wa6iXz5yNZpPc="/></File><File Name="Images\Wide310x150Logo.scale-200.png" Size="10332" LfhSize="66"><Block Hash="KUtFZ1w4rCIDvOVNnhDqs6tE7Zzw53SHl6rI8UkSPY0="/></File><File Name="LightTone\ControlzEx.dll" Size="250432" LfhSize="54"><Block Hash="dOk5u7szatg1/20cdYLX/v6ZJqYuyxlcBo1lMfiDAXg=" Size="27547"/><Block Hash="+i3ESidBg/EA1hDaqRQC4/1vnPaZjWE/8MtXE7INj6g=" Size="34527"/><Block Hash="JY51iH8oASOtH60Gpa/HVg2OFSeeos3ciuSW4o8xRzk=" Size="23342"/><Block Hash="s8KUN2CxvqAdfibAxzx4bPssMhqR18GXRKK7SXQl5ic=" Size="23043"/><b4:FileHash Hash="8V2J2XIO7blMCbHbMspqUU6e/ykG2pE5b/1/h3cUkR4="/></File><File Name="LightTone\de\MahApps.Metro.resources.dll" Size="10752" LfhSize="70"><Block Hash="Za9vtEI8mVoTHPcXzamF6VXIBc3ElJmTYsVqCrXdgFk=" Size="5013"/></File><File Name="LightTone\LightTone.exe.config" Size="19292" LfhSize="60"><Block Hash="jmCTMWr9ij86BokPXr8+DfhIzWSzPYowRhwSURGZ5is=" Size="1300"/></File><File Name="LightTone\LightTone.exe" Size="277504" LfhSize="53"><Block Hash="LMhb9ne4y60MzXvc9rocCIykvdsRzEefEQBuevb1WT0=" Size="54941"/><Block Hash="Zhu7yaJV4zAF9Nd+25m3QtJOSam3A2xDUYFsYOlnVmY=" Size="64465"/><Block Hash="OUf8W/rCg4w9Km72tcPpJLNtHjNwFJ0di6oUR5bAoW0=" Size="64466"/><Block Hash="hCXtBa7CyB0Q+/ooylQPBaaW4PGmDo7SDsPOiOrjJ+E=" Size="37980"/><Block Hash="liILK3yMEtExFYOX+BkhbKoOlzks5NFvf2i7Mm3Sk7Q=" Size="14148"/><b4:FileHash Hash="iZ9Cyqrdme6igRVO1mTmUSuL2qemQYeRtvIZzM2RoqY="/></File><File Name="LightTone\MahApps.Metro.dll" Size="3571048" LfhSize="57"><Block Hash="P7MY6PjS3YgqlCHKlG/D6nzlYau6ZMEn4M6VS1o6FIo=" Size="21772"/><Block Hash="1wbAJV4NtUrNOdg+elIs0+uc8a+SdN8mDDPVqWnVMjI=" Size="22503"/><Block Hash="8CrQ5Jr+7y4TpISBd690kvuhwUdwtLwkMC/PcHMqqyY=" Size="23772"/><Block Hash="spYC7lH+VWQSPSbUhs1fVXAlJ8ZwwitQbIcoUzpIOSI=" Size="28983"/><Block Hash="W9QgSQToiowF2sf6l3iHzOTyJjRyRJgds5xZFe8YzBg=" Size="22862"/><Block Hash="I4XSq4r05gNDhYsYjcjRYdsamjCrrKaqdgXqAoOQovI=" Size="30173"/><Block Hash="5xXCJJILjU12Pu1mmqJGLUYswecSYq7uOAYPpdoCUfc=" Size="15888"/><Block Hash="TXJmhZVM3X9GaROuCEnZW+FbxtWmTjhHsI2omQxGq58=" Size="15325"/><Block Hash="6g6qn+gVeXnXS3V6sUDsUVBJpSnvfPbzBYk5GVfOO5w=" Size="19735"/><Block Hash="dO/f9QZTVnPTJ0C2uiEDWhhPoFO1UquJ++B2TtXx3wY=" Size="22262"/><Block Hash="JJf5Z4a03DKeA/rGDLM9o4SuYDLDhU5hyUqTxOa7u4A=" Size="35793"/><Block Hash="YyaZU0SEBBye5KMQqvWj4VzBrOilb3XywFLCyyE9Ic4=" Size="33028"/><Block Hash="kUrokr5lAGXU04+jQDFnCQ6tU5tLss7GohehalLwrkc=" Size="33513"/><Block Hash="6MFWN/nQQ5RhctYPXbu8Gd6pdB+WpaWOvgyGbhn4Cd4=" Size="22866"/><Block Hash="5FGSdj/4TySjS6p7Q2iwN0/iM3zN6mTJezSQk6O50Hs=" Size="11411"/><Block Hash="JgQDNWdO5p+R8JOAO3OnbAqRHJqjIH9hnSvcV4AhcI0=" Size="17170"/><Block Hash="b2GbcZrkaGYtdWQ+WfPSgWbJBkq/bfk+SPBcOMm80jg=" Size="13651"/><Block Hash="2KOHWuQWH3h/xAzufp58r2qGOpDz6dcTn7HPh5eT218=" Size="12930"/><Block Hash="aD1i+EIMndMsSx00aeTlr7gXgXHkk6TpBO+RiPMXkXY=" Size="13372"/><Block Hash="wBA5iNyeH9pI/o2YMnJMkVbqoz61xSfvNnEpW7CG/ho=" Size="13451"/><Block Hash="izk77YurkcsLIRmQzxDHBz9wILWbnZpaSVtuvsDKf7Y=" Size="11206"/><Block Hash="O4WFApm7qM/77ER5/J7keHSiQHcU/hdOFzGD8pKIyPs=" Size="12554"/><Block Hash="Xrve0tEIrkxD8hOQDpm0sen+AJ+QwVt1cAj+JLiNays=" Size="11922"/><Block Hash="y28JIx8weuy7lwnv3IqtBdmR0nMA54ZTLffgVINcU+Y=" Size="12464"/><Block Hash="Ev8FMLauuAaGySbHCm/YQc+qB3Lg3AH7fC4zPnM2ijo=" Size="13428"/><Block Hash="I5BE/h/yVuwNdtSgOsxpLUn2hxyJTJc14u3g+FjLnOY=" Size="11192"/><Block Hash="nKOzZ5Tr9IXDp+amRmI5FoajE+QIVl4zL8oj0sHQvk8=" Size="12546"/><Block Hash="ewtkNR6B3DSFnXrwI/SuaVs/mZj4+K9xtUL7jE08GzQ=" Size="11937"/><Block Hash="b5t4NW0irTaZXvpqEmMv+dy2H5qVl3wyDusdwQ9dYUU=" Size="12483"/><Block Hash="ocVI+UxDJaCZwdAgAPDP8FaHX5mG35AFM5vKyA9hcqo=" Size="13420"/><Block Hash="pErGxlMnVT6K55Av5RV6q/e3llMwZt7iteGmfbKu3pA=" Size="11177"/><Block Hash="nDvx5VbqH7KWQD3R+IBj74Dys4Yj1Br/7+1ulWyzPhI=" Size="12519"/><Block Hash="zPpdqV3xlo4yi8zmOUkInxUDG7zZMxtBxdu3Jz6/Ud4=" Size="11954"/><Block Hash="QEcrXh6+YgFCRZmpJOGbGaW+l0uMVt91WjEWCb9bX1g=" Size="12485"/><Block Hash="dXbuOj0GE6Lw0ONvvHBOjrFfee+oSnDzbV822pFyH/w=" Size="13408"/><Block Hash="TJ/XHPCBAFiMfcYpCXdbXgMyIZuWkqmrdbmGmLTiXxw=" Size="11154"/><Block Hash="qoyv30jSsQzLlRuX+dInv/KhYfYL9GWH3lObZPYnCpQ=" Size="12485"/><Block Hash="r0wkDngQP/Uzl9kd9G/xiSBe30baagG7G377+gaiPEA=" Size="11949"/><Block Hash="GHDU2IEaiFTj3YmWO2uGd2wUiMLECQfEkzEr3mhWoh8=" Size="12465"/><Block Hash="9r1TT2I5FlmmMZB1jbE3x58/NNdlTrhlR+azFwnwF+4=" Size="13391"/><Block Hash="KxNtn6UlgoLDT9+/Xy5XAnr8OFasD3u1raNcuAA/sMI=" Size="11147"/><Block Hash="fiAjn6QwZ2lpXlCZJHUXp9onGNJfZnHz1/m+q75jRJ4=" Size="12475"/><Block Hash="Wnit1GgpfuQayn6skbqU5u7j66d5N1HBvN5WpJXpX5M=" Size="11969"/><Block Hash="WSzjy5OdBBpiHHFAEy/dY52BIOAjG5U71/me4PoRPX8=" Size="12471"/><Block Hash="CFGdtGhN9JAt/Regwn9LtailORkeOcjWsY/ZksgRX40=" Size="13407"/><Block Hash="XfdZG12JHXTsEZsGPzcIrSsYGCY4dAgIwct4tbuHOnY=" Size="11143"/><Block Hash="YlwsHNr327v3Ii0vdE358NCsbfTdJsB0/Sh+1HnevfQ=" Size="12469"/><Block Hash="nTynWNsfkVJoeZgJqntk0Dpr+VMRGibOeZw4x0aba+c=" Size="13222"/><Block Hash="S+Z/73PueisbQGp0kbMZu1k8tf6JUq8RKMLol6Q++t8=" Size="16269"/><Block Hash="nYzULX36C77z3ICx7g4m+DNdLhYoL+hHwn0c24gd3es=" Size="17329"/><Block Hash="2AnYi/Md0Kg8FbSsAmbGzoJFW0tbWWX7APRvwBV31YU=" Size="13881"/><Block Hash="WwaL/hiV8LeG8am8BbkRpDU3yPRTvB+8L4C7X6gnVX8=" Size="10426"/><Block Hash="qeM+ggr11xW7EAkReE9z9JjNwKgxYxCVPH9m+k3pdKQ=" Size="14273"/><Block Hash="nbgVfUJCij9jA/KSXjR4ePO7JJ5dqg1sgE7a0PcfPDQ=" Size="6630"/><Block Hash="Z7GMsN+aT/B6Vi7TISsw0BNn6k3TXvdsfKufCgSrChY=" Size="11765"/><b4:FileHash Hash="0YjEZdMqhMZnF63FM4Y+4XDh9r14dSqLnwJQ44l/23A="/></File><File Name="LightTone\Microsoft.Toolkit.Uwp.Notifications.dll" Size="162448" LfhSize="79"><Block Hash="z3HEx5gZafTseMDHhBs0J0z75unf666cTlNuz5POWA0=" Size="29077"/><Block Hash="9rELO5FeoJhMCM17Zgb4PxruQgfEspQafKmBeTF4qOw=" Size="24449"/><Block Hash="zIQheNaEiDB9VGyUoHCCC8r5/ZPSFumHw6wVgjnijgs=" Size="16352"/><b4:FileHash Hash="oLW+lYC/ZUj2hdeeVDn22UbvV+AT0gH5RrKolOdEGAQ="/></File><File Name="LightTone\Microsoft.Win32.Primitives.dll" Size="21216" LfhSize="70"><Block Hash="XqougqJrCzAigNCPVNydolFl3Q4oa+UkQKJxKF1j9pU=" Size="12105"/></File><File Name="LightTone\Microsoft.Xaml.Behaviors.dll" Size="144768" LfhSize="68"><Block Hash="dNcEafCsVDBo1a/8YdmnfIyMicIfr6wZfKz3i8hjGZA=" Size="29551"/><Block Hash="rKhbvPUHnh7RzC7EOlJ/EqA25F2qeDb3bUEwASAO5oM=" Size="25040"/><Block Hash="XT/a1CqD1+PFFLGmJ5rz8jBu8xSXIhMlv4vix6d9iOI=" Size="7740"/><b4:FileHash Hash="/3WTj+3uWWcGFxkW23Y6wQC8cWSnNG3XOa1hZg4Gi1o="/></File><File Name="LightTone\netstandard.dll" Size="98616" LfhSize="55"><Block Hash="blyQ4dMJ+El8nWORJWvTcXCLOAAKsbuv9G4bSJ2lgj4=" Size="18497"/><Block Hash="RTouP17VyPpPW4mh6kgSFJeEbeO8V6i+7GhM1k9ylW4=" Size="16015"/><b4:FileHash Hash="i+SiJw+LK+pA8z95hp/cyjTge7dk5juB3tSdkNK3IN0="/></File><File Name="LightTone\Plugin.StoreReview.dll" Size="6656" LfhSize="62"><Block Hash="Las17Y6frb4lCinmF6PtvOx7U4WczZ55A9m7HZPxc8s=" Size="2852"/></File><File Name="LightTone\Newtonsoft.Json.dll" Size="711952" LfhSize="59"><Block Hash="42dX0YrcY2k6Yi8/5O4QWuug9cSF262QYioX4PRL9ec=" Size="26345"/><Block Hash="y36jPPFQFkfhYMTZPj6KPFGcWj0bSWWh1r6zTXdDnUo=" Size="29982"/><Block Hash="16LESUk9yGCBx48Xlm/Vh4ztTJQL8c/5gKkNZIY2O9g=" Size="26940"/><Block Hash="rU2r2OAOU1mMxvB6PAX4RVoW38YBjc3LbTC7FmExe/I=" Size="23065"/><Block Hash="qXHBic4FYF0pPJX5byO4oOkbt+KwmGvGPnPqdKgSJYM=" Size="27142"/><Block Hash="Tyyz1LWKgZJ06vOn11IMCh9ZRK/H3Hqq97vMZonn56k=" Size="29609"/><Block Hash="9Y9SzbORsBxJjeQmnNhdhg+UNYYcqH8PsUOpLpo/vPY=" Size="21468"/><Block Hash="eW0haqMZIxiBR7+kdnxzWtRywdrCOf749JKj3giYBCQ=" Size="27888"/><Block Hash="cBEWP21eBBVWDecjQyMGG/yLPv2B7OdSQgGBt7QqDA4=" Size="16657"/><Block Hash="ukN2FogYmHM1xbYNBW3G/UQomp250Q8XXIT7gMeR+ag=" Size="16976"/><Block Hash="oHuFE1FZANz04kxVZEhrivjG0NCJUFC0IqZX0kw0C+I=" Size="26113"/><b4:FileHash Hash="4eJ697B+7t9c5xqSVfBCKBam/FhJpIPGcU4bRyBE+p0="/></File><File Name="LightTone\Syncfusion.Licensing.dll" Size="819200" LfhSize="64"><Block Hash="AvKcfQYsLnG2qcMtL3IOgQkC8FhCO1WTRHbHK5qBGIs=" Size="14182"/><Block Hash="XY5J0u2i2UIectuo4BTcoUT7xtFPDm0sRsCzOBLd+to=" Size="1668"/><Block Hash="bFZz7j66UcE1ouFktvSmzUhDysSqJ0dKZOF/PkU99RY=" Size="1456"/><Block Hash="ENFvU8UKVply1A/HhYKyZ8WwtWN0YnSTluSPB15ZV5w=" Size="2927"/><Block Hash="4RwXub+RPvXrEupylrtmQWX7tIBKCUh8eVkva1cjt84=" Size="2442"/><Block Hash="ZT64jTKHV7kU8iVZiwMNd9uPaUcpEe3CYC7O53wtaO0=" Size="5564"/><Block Hash="0w3rjUFFPrhrh74jFqISLTVKCBjZDR73hKfd1U1RLx4=" Size="3836"/><Block Hash="w9hmFpuNRCUeVtopUwIrZSgHjS7WgD9fCHueQllHhC8=" Size="1575"/><Block Hash="UmdxeQkEeNuliCtN0eju/dzb+kl3oeNP+s1tQoTHcvc=" Size="2256"/><Block Hash="HcK+hMUjz1fAZXWEbRM7syWG9IKjSa+fbdsy3n9bSko=" Size="2827"/><Block Hash="zhi3InmXcyH7f5AIOZhr9cK0GWCWfllqUS5Q7Hvznjc=" Size="2685"/><Block Hash="94rCsEm3CHIUGVvELkBnkXO3eOtynVQU5l7ek/k9mUM=" Size="14737"/><Block Hash="HKkD6B28uXDTSOkyvCaFluR1+ioZgL4x5EqjIezhgSI=" Size="8905"/><b4:FileHash Hash="zsXdk2w9pU8JuL95EuGnvJMnELJzuwrA5rHnjAjDziI="/></File><File Name="LightTone\Syncfusion.SfInput.WPF.dll" Size="594432" LfhSize="66"><Block Hash="xcGUxXyJ8355YVNuTZNKtxLA/IUx7MoN3JQnUrGjiHw=" Size="18757"/><Block Hash="LC/CFKgXXEQ9Wbo3RgfDkAn+8QTZndeVLpVmkM/frXk=" Size="19377"/><Block Hash="epNENPQz5QzdEXUOVD343ocUyuxeXfnBLWyYXomZ0WI=" Size="18561"/><Block Hash="cfO7XxKtrljE05S0NuctX9sx0yZUJKHyjCiCxZMkxFY=" Size="20142"/><Block Hash="wtdbNTBFLu2tnVPeJAF1V/7t/abMHr7xgkDtBXZOWfA=" Size="18814"/><Block Hash="lOidMdb3rBVlLsa6nZWFPSgxRQIgvxZONQ5/tMoNFCU=" Size="20872"/><Block Hash="5NYwV+4BEmEgrO65CvMaW+hYp3SnU5niLvMvdmyA+OY=" Size="24174"/><Block Hash="79Ki/FPXA6GyRsNgXiazF6HvjLTC0PcwFjYZQ6dPdYg=" Size="24427"/><Block Hash="JtQdEx2n37G5zg6tJGg9WeofES7VZrpmAIhCwyV9qjQ=" Size="20485"/><Block Hash="6byYj6WhSB2KCNa4YCwnIstNM0yQxUe4ZEruGuGoMx0=" Size="1634"/><b4:FileHash Hash="e5eX4/zCWL1mLueGsd1yZGLctDry0pZHk+OVSCURI0g="/></File><File Name="LightTone\System.AppContext.dll" Size="21176" LfhSize="61"><Block Hash="ncEVrEqt1qlNh8eoo/YYA8wlo9c1AddTSGffaw2KDTk=" Size="12082"/></File><File Name="LightTone\System.Collections.Concurrent.dll" Size="21224" LfhSize="73"><Block Hash="zGLzuGfVAIPCkyBh8gZixpjS4adBxNL53x/S1DXj7zw=" Size="12220"/></File><File Name="LightTone\Syncfusion.Shared.WPF.dll" Size="3014144" LfhSize="65"><Block Hash="dTusM39Sg6gRkb6ZX9oElJocK3VJj0otXqQI09M68p8=" Size="21173"/><Block Hash="KHycJLv43BEQopfR9s+ocdtP8+A8QXWZxQ1qK18/hnE=" Size="21258"/><Block Hash="+tgQOd1DXNdCImFFSni8UKeu/h0jroaBmx/ByLlGBk0=" Size="22943"/><Block Hash="X8ypw6i0ehWJQ8N+PzBAm5RVYmqAs/dzFuJ+M/ccwkA=" Size="14606"/><Block Hash="iAyboytxgzHUHtsqVzNANDGBFDgLkoIRvO/nCNcYivI=" Size="22671"/><Block Hash="mFjNOuN03VbAlUUkfnA+Wzt4Z4IuSKVbv76c6o6wz8Q=" Size="20488"/><Block Hash="YyumQIg8JDjoHmF5iV5N/yI86a5h8udKrAJaPZqkzS8=" Size="21477"/><Block Hash="pl1wOTUYXcp+Nju8TKEmkEjkCSOVCWzb225LSO71TYs=" Size="20452"/><Block Hash="rIeUn+Uv2JztQz415iC8efwqDWyMFZZbYh7PpsKP/rk=" Size="22789"/><Block Hash="HVIH9S8PpfBFwMBMIqucacNwqP25v4cZrKWAp+R25XQ=" Size="21170"/><Block Hash="a7g5ybfwcImsfdWh7TkUMsWCygEmajRcryuhetqDkAA=" Size="22795"/><Block Hash="KqD9I4zq/modStP+aFemxiE/n4pWLGCq3bwl9O3wth8=" Size="22908"/><Block Hash="ziCa7wMKg7DZiOvMuRxck/XrAnY5pyrD3WG4bGk4mak=" Size="27332"/><Block Hash="8T58GBfZNxnDFr4gCQs6ftF8Qqax+ApDnmKBeP+cmz4=" Size="25741"/><Block Hash="oaoJXy1Emj4mkV+jlSQ+HrJkbS4U7/CLKxhjDlH2NEc=" Size="15166"/><Block Hash="5ghtjGN1O98giwXLbr1EBqx2sjaTD7McUw62OQuC+co=" Size="19009"/><Block Hash="3hc0ebG+C08Vakybpt7YMwQYz6MVzdYEkADTU5MWKrY=" Size="12930"/><Block Hash="pFZDUTwsgvTYyvijkAGZO6wGQSkFbpe1AN0K+Y/jSrA=" Size="15135"/><Block Hash="nZmKF/9wdbO3c48j7F4P7AFCLjIUq+AY5S5D9f6Qo+U=" Size="17132"/><Block Hash="+dlA5jAV/Oh6ef6UtA9n68VTXDB8S0VfsBSAYQUsbuo=" Size="15009"/><Block Hash="l+37qdSgQ6wgEfXkApEQuvaOZgkM0uYVybcIfsSBOvU=" Size="30507"/><Block Hash="Ndk23nutEQ21bMEzpCfW5qhSUuDGCbObAYhMjhIrAkU=" Size="28592"/><Block Hash="J8LVs5omAyZXOfpLq09hQFD0AHA1QpUwE5zA4Z6JUrs=" Size="26875"/><Block Hash="uvO4ri8cRtXWuIcaAaEH6E7LRKBhVrmpL6HtAcfW+Eg=" Size="14016"/><Block Hash="A8CnCAI2VyV5oJ3Q/i1jxcRQS0fGeOGkBvhgGmI4SeY=" Size="20711"/><Block Hash="8csxbMlyNlEPjEmdzdj45UVDuMCTJGWnBd5wbiZVFUc=" Size="23887"/><Block Hash="oVzeII6c1TXcVV5Ui9z/S7kQJE5Mv3m+gHx8zsKVb/U=" Size="12990"/><Block Hash="qthUB3dsJH1K2hEfmFuEua68U8L2IGOWQsNIvSKoDWI=" Size="17091"/><Block Hash="ss3wgfBQm/n5oNV9Omm5UW4qXbWY13lOQXfe+U7ZTQA=" Size="12874"/><Block Hash="nUokx/lAsSrM0jkzjzt34Qb2WI6vG7Aui03AaZTu1NQ=" Size="23637"/><Block Hash="2VBol2ua9mmA6hw7K9H0ebD0sAIu+zqUAcRmh/D4ZPU=" Size="21773"/><Block Hash="seNndXFQz0neuDqvLhSdjgGebOh2Tw2cYf5lqv+vol0=" Size="26854"/><Block Hash="byBY6xWZGTFqzuU74wNwfTDHI9Mh6UwymFCYh/8XlWs=" Size="27499"/><Block Hash="AEQXFM0ZZ502Q4JeNcksVV4iVyDcNPmOZZibXW15mZM=" Size="27147"/><Block Hash="676rDtyNTShl9Cr9RmOmjmP1OASOUXWvFxS6W1jxGcs=" Size="6849"/><Block Hash="Ej+eNlgsIrDlHzBWvGKYrtz1qaZ38c5fyLETHMjvlsg=" Size="26705"/><Block Hash="EGaeCVGI+iBapS3jqUM8bd3x/c2P8YmTFE8GJFKi8Bg=" Size="23434"/><Block Hash="drKGGPYuXTED24xqaT3b6LNmdo9jAMxGZ4ZZN8stR3M=" Size="25650"/><Block Hash="brSWSnCdaoTBgELuPWkgbPJ+HzFRfz7KmIuY4P0jk5k=" Size="14335"/><Block Hash="LGsL4K1erKt1dAlw1+e/BnER0DiYCurMYcAzSwwACNI=" Size="13785"/><Block Hash="LSFG3IQFoARvYBSfXTjYn3tKcjfDdhxSJJqDHUAuXy4=" Size="18767"/><Block Hash="y1Tfg/2tBcig2jbjxdci618uteHSP/6P/lS5OAza/tA=" Size="20046"/><Block Hash="wshCChPA9fyOjYJfBLYJGSequdrJtUhUsFttdEIyCxo=" Size="13582"/><Block Hash="k5gzgy0GlDFDR5D4XRO7k7Ecea/GimED3he5uV1ydKE=" Size="23008"/><Block Hash="QTMdqaVhSk0E2PZomgKsONQaVMfFQtQNZBTrEUn/XVk=" Size="7833"/><Block Hash="UyHNWQmLcAnOqsySeB8t1yDH+awmUy5o6EjjykIQ1tE=" Size="14650"/><b4:FileHash Hash="MJurcIP2VPhnLvhpK4+FfIMzlAKuJNgnLZmr+We3MU8="/></File><File Name="LightTone\System.Collections.dll" Size="21696" LfhSize="62"><Block Hash="wiUOnlG0TYq4xbiSWSdmkl9lgO4AuVAmYh0K+wN8Jwc=" Size="12319"/></File><File Name="LightTone\System.Collections.NonGeneric.dll" Size="21224" LfhSize="73"><Block Hash="UplDwM3yT1fpS/A/rF9AuUpjhiUCegLfeeHoy12bxpY=" Size="12214"/></File><File Name="LightTone\System.Collections.Specialized.dll" Size="21224" LfhSize="74"><Block Hash="k42jhWHaVHk5ROlelLbhHPg6rNZnSHKX1Cj7zhwG3Jw=" Size="12232"/></File><File Name="LightTone\System.ComponentModel.dll" Size="21192" LfhSize="65"><Block Hash="XmHXVWFssQUk9fMem3DGWn//jjDiXOcRrIs1TWV6tHk=" Size="12148"/></File><File Name="LightTone\System.ComponentModel.EventBasedAsync.dll" Size="21768" LfhSize="81"><Block Hash="IhCOMuC25C9fUqTLF7m2+j39VH7Nnu+cZyJtvsVNI+U=" Size="12254"/></File><File Name="LightTone\System.ComponentModel.Primitives.dll" Size="21752" LfhSize="76"><Block Hash="v82Gf3HIh0Kd/gCNfsXRhT0Vs5MtTOiZFpQpNHe1vjc=" Size="12380"/></File><File Name="LightTone\System.ComponentModel.TypeConverter.dll" Size="22784" LfhSize="79"><Block Hash="DbuS7NXfp/wli8be7Uzs8bN/iVRX/QaXZJaSar2zF7s=" Size="12700"/></File><File Name="LightTone\System.Console.dll" Size="21160" LfhSize="58"><Block Hash="tTcxNBP4AQXxQ8wUT+6uKsk/RHR3J94wmnHVfSZQA0o=" Size="12148"/></File><File Name="LightTone\System.Data.Common.dll" Size="154448" LfhSize="62"><Block Hash="no+dDQu+8Uc0fXzsfqMLI6JF00BEFkmL5uYAXGaIBZM=" Size="20199"/><Block Hash="RuGwm8aO9R+MkyvZidLq/dEDB2k8QpETD4rh6GTjXCI=" Size="19160"/><Block Hash="Yw284YY9JNbGAXYX2svTmHObFLBXB8RwwzLc/yRt1mc=" Size="12714"/><b4:FileHash Hash="HHv/bxa7YYZI5pm3I66v5RFRXNaq1pnCX6ripQfiKBE="/></File><File Name="LightTone\System.Diagnostics.Contracts.dll" Size="21736" LfhSize="72"><Block Hash="nErmHg6DZXYu/j00xVlQKfLBLgB55gcHIOLO8IgshOU=" Size="12302"/></File><File Name="LightTone\System.Diagnostics.Debug.dll" Size="21208" LfhSize="68"><Block Hash="VaMNktFjzxgHvqbcE7TBPnCuu7A03Hfq709DlHMNzY4=" Size="12191"/></File><File Name="LightTone\System.Diagnostics.FileVersionInfo.dll" Size="21248" LfhSize="78"><Block Hash="fCWnR3LhNSVyNWQKAmTdwFI14U82J4ls/nNemVUVX4M=" Size="12097"/></File><File Name="LightTone\System.Diagnostics.Process.dll" Size="21728" LfhSize="70"><Block Hash="KLFlzduColBxFDlK45iZXvilDFSSFPhniqZgVPaSd1Q=" Size="12262"/></File><File Name="LightTone\System.Diagnostics.StackTrace.dll" Size="23936" LfhSize="73"><Block Hash="yumfkQh0KIr7+BCWjRO3nXVc1LIAZgnsA26kk0GBy6U=" Size="12979"/></File><File Name="LightTone\System.Diagnostics.TextWriterTraceListener.dll" Size="21280" LfhSize="86"><Block Hash="Y+qzjun03NaGyOak8B4eKpu5HlKyCrTd4MKAYekmGGA=" Size="12144"/></File><File Name="LightTone\System.Diagnostics.Tools.dll" Size="21208" LfhSize="68"><Block Hash="JgxiUO+bV9ypm0zsxTP5o0hXtaMrU1EgL3dhY4QSAKo=" Size="12144"/></File><File Name="LightTone\System.Diagnostics.TraceSource.dll" Size="21744" LfhSize="74"><Block Hash="yBpX0GNMRips9JhEBZ6bFw9lDM3weJUZ/9SufSjicY0=" Size="12243"/></File><File Name="LightTone\System.Diagnostics.Tracing.dll" Size="31608" LfhSize="70"><Block Hash="uEuTvkVcx9FOwMiM4I2vrHtqrC5UnJaecSbrSMMfixw=" Size="17014"/></File><File Name="LightTone\System.Drawing.Primitives.dll" Size="21208" LfhSize="69"><Block Hash="KAWhhySiQDStassxXaxRbkec7MXzdTIEBSZX5WCTLV0=" Size="12135"/></File><File Name="LightTone\System.Dynamic.Runtime.dll" Size="22224" LfhSize="66"><Block Hash="9gCsyBFyAYPGOc6+Vhi6+cgTW4W5y9wHWLybLcxt16k=" Size="12435"/></File><File Name="LightTone\System.Globalization.Calendars.dll" Size="21744" LfhSize="74"><Block Hash="tW/7ZbhC2q4T8wILCwRkbbkviYAdKi+JCH0UWpltQ/c=" Size="12289"/></File><File Name="LightTone\System.Globalization.dll" Size="21192" LfhSize="64"><Block Hash="Vr0MAsc0q/TX/R7y6Lap5L9eS6tOYGzRAj1jsChS+mE=" Size="12251"/></File><File Name="LightTone\System.Globalization.Extensions.dll" Size="25992" LfhSize="75"><Block Hash="x+kb0UjtIu4f+OvT5YsZmjCvkKo3SZvPjaNECWcvLtk=" Size="14130"/></File><File Name="LightTone\System.IO.Compression.dll" Size="110944" LfhSize="65"><Block Hash="aZrRcNv1OMq16P7K11nC7rokkhIuxF1te1nfte6xQy0=" Size="29498"/><Block Hash="Cn5O23IlR1LgO57qZ/k1PKb/iG9YSQx2esteQMuRrxw=" Size="27312"/><b4:FileHash Hash="2hjWG7a301xWy085L64IRMynP3KgQ6CJlL7MtTH/O3c="/></File><File Name="LightTone\System.IO.Compression.ZipFile.dll" Size="21224" LfhSize="73"><Block Hash="dyDuE0BeqKPCBHA6GB5n3G1mg16d8mPAnQTYtItB6yY=" Size="11963"/></File><File Name="LightTone\System.IO.dll" Size="21144" LfhSize="53"><Block Hash="wZGkMCnt1OuO7gAzVvH+eapFBxwlQzp6NYlZDpCJ7tk=" Size="12224"/></File><File Name="LightTone\System.IO.FileSystem.dll" Size="21192" LfhSize="64"><Block Hash="mkWV27Eo4tjzc7OsRUeOcTH00YG1Dsgh7Iy4i9Rr1bg=" Size="12171"/></File><File Name="LightTone\System.IO.FileSystem.DriveInfo.dll" Size="21232" LfhSize="74"><Block Hash="mEV1xEyrF9Rlh69syMIsQJt5vsKA/Xceavk6Cgwg5bA=" Size="12129"/></File><File Name="LightTone\System.IO.FileSystem.Primitives.dll" Size="21232" LfhSize="75"><Block Hash="XITdQNZ8DlmQZRHSsJ2o4oxFS1l561/edCE/nUvbxWQ=" Size="12138"/></File><File Name="LightTone\System.IO.FileSystem.Watcher.dll" Size="21224" LfhSize="72"><Block Hash="yeJWLxobhqzbaVfPkWrO2cT4tx67Ft+gBQJSFGIFrTc=" Size="12215"/></File><File Name="LightTone\System.IO.IsolatedStorage.dll" Size="21208" LfhSize="69"><Block Hash="DoCi4lbRbkh7yEfRhX7XzQiPF2JUuio4XWdTOLg2sPw=" Size="12112"/></File><File Name="LightTone\System.IO.MemoryMappedFiles.dll" Size="21216" LfhSize="71"><Block Hash="gbZSesLRh4KsJK5GPBHdHXCrG8ifYmtzR6WSIps3Gh0=" Size="12196"/></File><File Name="LightTone\System.IO.Pipes.dll" Size="21168" LfhSize="59"><Block Hash="gKIpspF/w6XZQf+XRaa+AGUCiv35UJMAQQ0nIccfEZg=" Size="12208"/></File><File Name="LightTone\System.IO.UnmanagedMemoryStream.dll" Size="21232" LfhSize="75"><Block Hash="hvHxLkfyYJhbCLuWZZgSNXjrXki++bsIbwThbp1TuzI=" Size="12133"/></File><File Name="LightTone\System.Linq.dll" Size="21152" LfhSize="55"><Block Hash="NJx/vprit4wvkCOb3fzqWxag+qwf6DVTqBbFDD6QibE=" Size="12125"/></File><File Name="LightTone\System.Linq.Expressions.dll" Size="22224" LfhSize="67"><Block Hash="v5f2cWUjHCpCuV8R2AM3sILisr5UNR2kTIoQwGGUs2k=" Size="12556"/></File><File Name="LightTone\System.Linq.Parallel.dll" Size="21192" LfhSize="64"><Block Hash="MKSdFkNuOgVWnJmgwtIXVcL6Mjxbkl+fIcECh8yX2ck=" Size="12155"/></File><File Name="LightTone\System.Linq.Queryable.dll" Size="21192" LfhSize="65"><Block Hash="cZrHO7Jh4KE1dPWhmBJsz0A1ImSVje+1VSgNAFE0xwQ=" Size="12129"/></File><File Name="LightTone\System.Net.NameResolution.dll" Size="21208" LfhSize="69"><Block Hash="IivXfFaSwpYejDY49lEdb3y+ueCXfi1cO8pnOaUxHzc=" Size="12103"/></File><File Name="LightTone\System.Net.NetworkInformation.dll" Size="22248" LfhSize="73"><Block Hash="Li0ooIAtjIwIwNQi9IczrYvx36519WgqSj34iY5+gZ8=" Size="12434"/></File><File Name="LightTone\System.Net.Ping.dll" Size="21168" LfhSize="59"><Block Hash="TZfoSBuaJwQruQMkViVzXYL/YnxmeX3mGTA8HnBdDWo=" Size="12118"/></File><File Name="LightTone\System.Net.Http.dll" Size="198472" LfhSize="59"><Block Hash="yeCvIlSRyizKTZLygkzpA9Nw5QoImx+dwzN+5Wowsos=" Size="27500"/><Block Hash="PdDd7/xLhKCATyAkgkqWvWi0isKPwThtS8utN0rQNq0=" Size="30596"/><Block Hash="7GOML9YnqDVf1wSXY9HhtbFIJneaaxeinF8FNf+Sn/Q=" Size="26546"/><Block Hash="VR7+BQER+Ax7MEImkJeuXsIr7CEMsO7rteY91mHeNb0=" Size="1374"/><b4:FileHash Hash="tdIHNvhPM170yRilukHDoNcYk5fHGxZszGw0JCepTs4="/></File><File Name="LightTone\System.Net.Primitives.dll" Size="22216" LfhSize="65"><Block Hash="mounJfjpU8kzKFBlIoqUCQNvkTfQMBaxJ8zqihlFJGY=" Size="12507"/></File><File Name="LightTone\System.Net.Requests.dll" Size="21184" LfhSize="63"><Block Hash="8udKPsLcdTyaSPqaZ3d1+UnrHgL8G7i/OMOejSqxR+s=" Size="12185"/></File><File Name="LightTone\System.Net.Security.dll" Size="21696" LfhSize="63"><Block Hash="0NkBUhNqCs80D7NFCY8uXHGLsT87WoCde+TZlIuFdNQ=" Size="12298"/></File><File Name="LightTone\System.Net.Sockets.dll" Size="30544" LfhSize="62"><Block Hash="aU9MYba64K76wHoehhwSwDy2AC8wCR5MiwW7nIzPDT0=" Size="15870"/></File><File Name="LightTone\System.Net.WebHeaderCollection.dll" Size="21232" LfhSize="74"><Block Hash="abSP+Ob0C4TN3blbzbs04RhKLinLTMwPyfGiSTZI7jc=" Size="12137"/></File><File Name="LightTone\System.Net.WebSockets.Client.dll" Size="21224" LfhSize="72"><Block Hash="GXZqILYrA4q8PoY/LW57Vfq+5NnLytPrHXvT6/6NAjo=" Size="12127"/></File><File Name="LightTone\System.Net.WebSockets.dll" Size="21192" LfhSize="65"><Block Hash="mZIM40oBoMB+/YbW4TS7QBmTUV0AG3VnpBFq0iKZOmM=" Size="12171"/></File><File Name="LightTone\System.ObjectModel.dll" Size="21696" LfhSize="62"><Block Hash="hw7hFBy2Gr/ORFB+Ob/dc08jNeNNiez/+xODgZWmuTY=" Size="12360"/></File><File Name="LightTone\System.Reflection.dll" Size="22200" LfhSize="61"><Block Hash="Y6r2Mu5/O8hSxNccdCzx0m8Y94T2yJET4FayWZuo9RQ=" Size="12479"/></File><File Name="LightTone\System.Reflection.Extensions.dll" Size="21224" LfhSize="72"><Block Hash="PSVR1kWLhFZgJf3f5drUecq1eFQo79aBSGDTatGBHJo=" Size="12136"/></File><File Name="LightTone\System.Reflection.Primitives.dll" Size="21736" LfhSize="72"><Block Hash="A4PcAv3wtdRhLYyqrRPVlMrBYJyCQLc9/W6lgD9eF+o=" Size="12286"/></File><File Name="LightTone\System.Resources.Reader.dll" Size="21200" LfhSize="67"><Block Hash="4wNjYlBtlsnADtY5Oir8rNny5xzSo1wdY4ph6F0vsEA=" Size="12092"/></File><File Name="LightTone\System.Resources.Writer.dll" Size="21200" LfhSize="67"><Block Hash="2qq9B/G5S+GdcpEzYChuRp9FSIaFCvzGA1BuqrAxUOQ=" Size="12101"/></File><File Name="LightTone\System.Runtime.CompilerServices.VisualC.dll" Size="21784" LfhSize="83"><Block Hash="GKYQuLrUPPeEzeTUkCojjyKBwqZ32q55DKtV9tqRWXk=" Size="12300"/></File><File Name="LightTone\System.Runtime.dll" Size="29360" LfhSize="58"><Block Hash="UK1hLUz2ET3iayhw2gmcSBf1nmSi2pjwWAO0ouIwSRk=" Size="14765"/></File><File Name="LightTone\System.Runtime.Extensions.dll" Size="21720" LfhSize="69"><Block Hash="+f6yd/hiQfVUJRgqJt7PUKIQZ11PBA7FQq8/s90ofeY=" Size="12291"/></File><File Name="LightTone\System.Resources.ResourceManager.dll" Size="21232" LfhSize="76"><Block Hash="YtzkZ54zwHnhH0GwlryAOzCx2WOh6nnvqEGHzrvAav4=" Size="12160"/></File><File Name="LightTone\System.Runtime.Handles.dll" Size="21200" LfhSize="66"><Block Hash="eoHSoAG1Q7KlXJr/yEWl337asf0wjGl5u9mCsbgmtXw=" Size="12187"/></File><File Name="LightTone\System.Runtime.InteropServices.dll" Size="24296" LfhSize="74"><Block Hash="ODofnaxlXGgFwk1KA7xfvrmr0VNt5VEPV1Ylnu/LSHE=" Size="13321"/></File><File Name="LightTone\System.Runtime.InteropServices.RuntimeInformation.dll" Size="28624" LfhSize="93"><Block Hash="i7nVK6XGfwXI9jLesefpipCTGLEOE4i0fpGVFf3ULL8=" Size="15968"/></File><File Name="LightTone\System.Runtime.Numerics.dll" Size="21200" LfhSize="67"><Block Hash="Fufv1sGbLj5RauG8ezF10OIvGtNXcB8injU9o0ju4YI=" Size="12102"/></File><File Name="LightTone\System.Runtime.Serialization.Formatters.dll" Size="21264" LfhSize="83"><Block Hash="w0P3vwikyXqQumB6SSxyFTMzMXP6Y/Zfbl3pzu5l/BY=" Size="12181"/></File><File Name="LightTone\System.Runtime.Serialization.Json.dll" Size="21240" LfhSize="77"><Block Hash="6NUx8KqmdPeUt/Q+x25OMq2T88E2Agz0tuNDODL5wN8=" Size="12166"/></File><File Name="LightTone\System.Runtime.Serialization.Primitives.dll" Size="27048" LfhSize="83"><Block Hash="V14mpFWJLx/Xe3MOaSj3C3YOdglK/lvLZ32FTa+GmsU=" Size="13949"/></File><File Name="LightTone\System.Runtime.Serialization.Xml.dll" Size="24816" LfhSize="76"><Block Hash="VXhY5EpRp0ZGrQeoXLpWrx2hOtJqwvdO5djD6KFxwiE=" Size="13545"/></File><File Name="LightTone\System.Security.Claims.dll" Size="21200" LfhSize="66"><Block Hash="gnDRJIlQ7oruXCrC4yHfB+ZcepQASuA8hX3qzSMaVUI=" Size="12179"/></File><File Name="LightTone\System.Security.Cryptography.Algorithms.dll" Size="47016" LfhSize="83"><Block Hash="ln3dv+fxzrkztYddZcWc24NbsGPyh6Nh6LNd2BSpsU0=" Size="20062"/></File><File Name="LightTone\System.Security.Cryptography.Csp.dll" Size="21240" LfhSize="76"><Block Hash="Vmd19VAsPB+nCsreFFKT310CwanwMYINQpYF6bRYS0Q=" Size="12209"/></File><File Name="LightTone\System.Security.Cryptography.Encoding.dll" Size="21256" LfhSize="81"><Block Hash="H1wavhsnIGgBcDiFaTVNjNqdVYtTr/fK8XXOD343M+U=" Size="12180"/></File><File Name="LightTone\System.Security.Cryptography.Primitives.dll" Size="21784" LfhSize="83"><Block Hash="t1XQtVpGXQfJ3T/BGCJIfR5km2hK75GkzpuTW0FqAbk=" Size="12273"/></File><File Name="LightTone\System.Security.Cryptography.X509Certificates.dll" Size="22832" LfhSize="89"><Block Hash="PIYwrLQ8EqajFyJ/8pIgVuzZkf6UVGT99+qB8Sk6R58=" Size="12613"/></File><File Name="LightTone\System.Security.Principal.dll" Size="21208" LfhSize="69"><Block Hash="AkFrxUK+ggAri4Gtu7zcyNCYEEAg0JtXHcZ0tbwZoXc=" Size="12138"/></File><File Name="LightTone\System.Security.SecureString.dll" Size="22392" LfhSize="72"><Block Hash="GAMtGQ0NWZgj5ZyN2LWIkJvviIi4vzBHI6E4th8bkR8=" Size="12350"/></File><File Name="LightTone\System.Text.Encoding.dll" Size="21696" LfhSize="64"><Block Hash="CrH3+Ht8KvylfTlOT04mLIK6MgnLCnUM1mQB+zPyHso=" Size="12223"/></File><File Name="LightTone\System.Text.Encoding.Extensions.dll" Size="21232" LfhSize="75"><Block Hash="y+KWcs0rag6pe1XzhE++3j5ZGZbznDqh+Cny+lBVH6k=" Size="12162"/></File><File Name="LightTone\System.Text.RegularExpressions.dll" Size="21232" LfhSize="74"><Block Hash="yYpSvQF98Brqe5VebyGVN9ORpiwsK5dmhNooL5zXys8=" Size="12220"/></File><File Name="LightTone\System.Threading.dll" Size="22192" LfhSize="60"><Block Hash="TcjViOxjZBwoQi1kjo3l4sAw63r+wgcamd072aIEVX8=" Size="12464"/></File><File Name="LightTone\System.Threading.Overlapped.dll" Size="37752" LfhSize="71"><Block Hash="8X/0Qrd6bP6cEY0vj64atsgUoNTzXFhEmWvoTz/MhZI=" Size="19642"/></File><File Name="LightTone\System.Threading.Tasks.dll" Size="22224" LfhSize="66"><Block Hash="ARBhbf6HC4vPJd+PbOOO9arDnnKN2qNCDqGZ9afoChY=" Size="12511"/></File><File Name="LightTone\System.Threading.Tasks.Parallel.dll" Size="21232" LfhSize="75"><Block Hash="NGjgyHXblKj0XVardrvMZ3uULKUaI2Sbo8WtGyDjkfE=" Size="12153"/></File><File Name="LightTone\System.Threading.Thread.dll" Size="21200" LfhSize="67"><Block Hash="nU+uqYktTs+r9hmGaH/GyzD19RprYoGblXH/WOBMTdU=" Size="12131"/></File><File Name="LightTone\System.Threading.ThreadPool.dll" Size="21216" LfhSize="71"><Block Hash="PZ68gbG9MjRmbIzkA6XxenJoZ8aP+l3k7I7pJZkzVlg=" Size="12151"/></File><File Name="LightTone\System.Threading.Timer.dll" Size="21200" LfhSize="66"><Block Hash="BLkjX2TJyEb4p2cjBxSJXah8euLNAQXp0Ug1rkbw/tg=" Size="12107"/></File><File Name="LightTone\System.ValueTuple.dll" Size="78992" LfhSize="61"><Block Hash="Ytb8XQFR1M7PfsRrG6lMaqaSL+qn86Vm4EJJw7leOwU=" Size="22296"/><Block Hash="EMLf4OIhm56ehVw1SHIwyDBkQAg9+u3kHnX+ZzVaUfs=" Size="8694"/><b4:FileHash Hash="5HdK6tJ5P0QODO1sCXBIQj0Rjgtu0jjG/ltFassHgX8="/></File><File Name="LightTone\System.Xml.ReaderWriter.dll" Size="21712" LfhSize="67"><Block Hash="X1YOHdUpuyUp1wUuBACESfWNBDnCu0NDfXtdOfhPlJ8=" Size="12407"/></File><File Name="LightTone\System.Xml.XDocument.dll" Size="21696" LfhSize="64"><Block Hash="T2oU5LoqKya4uEM9X4L3WpavWk8DbZRHNzsHJxSTkXs=" Size="12319"/></File><File Name="LightTone\System.Xml.XmlDocument.dll" Size="21712" LfhSize="66"><Block Hash="iVfwvOpquKARpTrmJGZQUZnxGiKPh/OAmTHZdPhweM4=" Size="12339"/></File><File Name="LightTone\System.Xml.XmlSerializer.dll" Size="21712" LfhSize="68"><Block Hash="IUk/f2FaCZ55X3+ufszmCCQU0dQneQvfSxA2I6OrNOs=" Size="12328"/></File><File Name="LightTone\System.Xml.XPath.dll" Size="21176" LfhSize="60"><Block Hash="JNqh+u4EeLpY/r6O54nriL4KFNNQtXrYsQaQxVl2suE=" Size="12234"/></File><File Name="LightTone\System.Xml.XPath.XDocument.dll" Size="22904" LfhSize="70"><Block Hash="sz0IFJp1akAWKNEb/d/urKHwPAV4OVuwYdrkT4oSzl0=" Size="12681"/></File><File Name="LightTone\WPFHelpers.dll" Size="48128" LfhSize="54"><Block Hash="3Vm8Ki/zABrGks0nGPyMqCE3I1NLIphr/RCtSzcflMo=" Size="21156"/></File><File Name="resources.pri" Size="3488" LfhSize="43"><Block Hash="Asc86URUCKL8ISCrwNB8RdJh6sWklz4/sBW7jSTl7QA=" Size="1010"/></File><File Name="LightTone\WindowsShortcutFactory.dll" Size="12800" LfhSize="66"><Block Hash="ZLfNV7xj7108C4DQ8RJiM/bDIXoBf+CNdG8sjfWTC7g=" Size="5727"/></File><File Name="AppxManifest.xml" Size="3110" LfhSize="46"><Block Hash="hP4HMvVA7FgB7Mk/92QDT7Yf0xGp1+V6Qa3R7PIcALY=" Size="1319"/></File></BlockMap>